index,username
0,hamzagambotilde
1,alemugedefie
2,lucamjordano
3,arijita_subuddhi
4,fay_willis
5,skoplik
6,engang
7,ahosna1
8,melissabenitonavarro
9,simonwalusimbi
10,mtalalay
11,akm01695
12,tamiratmolalign
13,ies3
14,sophie_huddart
15,jeffery_ye
16,xlv3
17,hwp4
18,ncz9
19,sfabuodeh
20,nicole_nguyen
21,yshew
22,apquirino
23,mulamaorembe
24,ethan_bustad
25,elamont
26,aminubabayi
27,gqader
28,kameshv96
29,musau_susan81
30,nozomifukui
31,priyanka
32,dki2299
33,pshresth
34,bioshin
35,seshadri
36,amrita_nagasuri
37,manal_ahmed
38,anya_decarlo
39,rishi_mukundan
40,shwetha_kandhalubhaskar
41,avantika_sharma
42,seonmin_kim
43,cmarinim
44,zefan_huang
45,mariana_raniereneves
46,ahmad_danesh
47,kmayerbl
48,rayan_saeed
49,bnguyen3
50,quangth
51,kimandrews
52,nikita_gounder
53,marysia
54,sarah_li2
55,samantha_chan2
56,meganf22
57,toritappen
58,bb_preeratee
59,ayesha52
60,abigail_seeger
61,ziran_li
62,yoscelina_e_martinezlopez
63,hnoreldeen
64,addanesh
65,rmeredith
66,johnho421
67,iversonli88
68,souksavanhc
69,gloriadea03
70,jametienneyuh9
71,christine_wan2
72,hughn
73,snayak
74,suzanne_dufault
75,caroline_huang2
76,sarah_mughal
77,emma_chang
78,chrissie_lok
79,shakiba_ghasemiassl
80,nooshin_razani
81,colaccini
82,breannap
83,parvatin
84,malavika_prithviraj
85,dgratz
86,gireshtech
87,rbharadw
88,simnayak
89,bneradil
90,mayara_bastos
91,rmart160
92,stellamarisuwaezu
93,fojambo1
94,fshamma1
95,oviyam
96,menberework_chanyalew
97,hazem_abdelaal
98,jmcoll4
99,sprabhu2
100,mojahidul_islam
101,prashant_bajpai
102,malisa_tsmith
103,aparna_sitaram_kotekar
104,jackie_do
105,zmousa2
106,muzamilshah804
107,johan_molen
108,natalia_adamashvili
109,lateef_amusa
110,agartlan
111,shuyi_ma
112,patrick_phillips
113,brian_aldana
114,mark_warden